<?xml version="1.0" encoding="UTF-8"?>
<project-private xmlns="http://www.netbeans.org/ns/project-private/1">
    <editor-bookmarks xmlns="http://www.netbeans.org/ns/editor-bookmarks/2" lastBookmarkId="0"/>
    <open-files xmlns="http://www.netbeans.org/ns/projectui-open-files/2">
        <group>
            <file>file:/C:/Users/MURILO/OneDrive/Desktop/Arquivos%20Murilo/DOO/Trabalho_3DOO/src/DAO/PacienteBanco.java</file>
            <file>file:/C:/Users/MURILO/OneDrive/Desktop/Arquivos%20Murilo/DOO/Trabalho_3DOO/src/DAO/conexãoDAO.java</file>
        </group>
    </open-files>
</project-private>
